# addr	region	size	name  (STT_OBJECT, plus absolute symbols landing in a GBA region)
0x02000000	ewram	0x0	EWRAM_START
0x02001C5C	ewram	0xC	sIrcManager
0x02001C70	ewram	0xC	sClockManager
0x02001C7C	ewram	0xC	sPostSysClockRTTI
0x02001C88	ewram	0xC	sPostAppClockRTTI
0x02001C94	ewram	0xC	sAppClockRTTI
0x02001CA0	ewram	0xC	sPreAppClockRTTI
0x02001CAC	ewram	0xC	sSysClockRTTI
0x02001CB8	ewram	0xC	sPreSysClockRTTI
0x02001CF4	ewram	0xC	sObjEngineManager
0x02001D1C	ewram	0xC	sObjPltPoolManager
0x02001D30	ewram	0xC	sKeyPadManager
0x02001D3C	ewram	0xC	sSelectKeyLongPressRTTI
0x02001D48	ewram	0xC	sSelectKeyPressRTTI
0x02001D54	ewram	0xC	sStartKeyLongPressRTTI
0x02001D60	ewram	0xC	sStartKeyPressRTTI
0x02001D6C	ewram	0xC	sRKeyLongPressRTTI
0x02001D78	ewram	0xC	sRKeyPressRTTI
0x02001D84	ewram	0xC	sLKeyLongPressRTTI
0x02001D90	ewram	0xC	sLKeyPressRTTI
0x02001D9C	ewram	0xC	sBKeyLongPressRTTI
0x02001DA8	ewram	0xC	sBKeyPressRTTI
0x02001DB4	ewram	0xC	sAKeyLongPressRTTI
0x02001DC0	ewram	0xC	sAKeyPressRTTI
0x02001DCC	ewram	0xC	sRightKeyLongPressRTTI
0x02001DD8	ewram	0xC	sRightKeyPressRTTI
0x02001DE4	ewram	0xC	sLeftKeyLongPressRTTI
0x02001DF0	ewram	0xC	sLeftKeyPressRTTI
0x02001DFC	ewram	0xC	sDownKeyLongPressRTTI
0x02001E08	ewram	0xC	sDownKeyPressRTTI
0x02001E14	ewram	0xC	sUpKeyLongPressRTTI
0x02001E20	ewram	0xC	sUpKeyPressRTTI
0x02001F00	ewram	0xC	sEfcSystemManager
0x02001F14	ewram	0xC	sSndSystemManager
0x02001F68	ewram	0x4	gSystemAllocator
0x02001F88	ewram	0xC	sSystemManager
0x02001F9C	ewram	0xC	sKeyFocusManagerManager
0x0200211C	ewram	0xC	sRhythmBgmRTTI
0x02002128	ewram	0xC	sRhythmOutRTTI
0x02002134	ewram	0xC	sRhythmInRTTI
0x02002140	ewram	0xC	sUnitDieRTTI
0x0200214C	ewram	0xC	sUnitEscapeRTTI
0x02002158	ewram	0xC	sUnitReviveRTTI
0x02002164	ewram	0xC	sUnitJoinRTTI
0x02002170	ewram	0xC	sResumeRTTI
0x0200217C	ewram	0xC	sSuspendRTTI
0x020021AC	ewram	0x4	sPlayerRTTI
0x02002200	ewram	0xC	sPlayerSkillRTTI
0x02002318	ewram	0xC	sGuestRTTI
0x02002368	ewram	0xC	sGuestSkillRTTI
0x02002520	ewram	0xC	sMonsterRTTI
0x02002940	ewram	0xC	sMonsterSkillRTTI
0x020034A0	ewram	0xC	sPsiRTTI
0x020038B0	ewram	0xC	sGoodsRTTI
0x02015E34	ewram	0x4	errno
0x02015F78	ewram	0x4	heap_end.63
0x02015F7C	ewram	0x4	monitor_stdin
0x02015F80	ewram	0x4	monitor_stdout
0x02015F84	ewram	0x4	monitor_stderr
0x02015F88	ewram	0xA0	openfiles
0x03000000	iwram	0x0	IWRAM_START
0x03002C60	iwram	0x40	gMPlayInfo_Player6
0x03002CA0	iwram	0x40	gMPlayInfo_Player10
0x03002CE0	iwram	0x40	gMPlayInfo_Player7
0x03002D20	iwram	0x40	gMPlayInfo_Player1
0x03002D60	iwram	0x40	gMPlayInfo_Player8
0x03002DA0	iwram	0x40	gMPlayInfo_Player2
0x03002DE0	iwram	0x40	gMPlayInfo_Player3
0x03002E20	iwram	0x40	gMPlayInfo_Player5
0x03002E70	iwram	0x40	gMPlayInfo_Player9
0x03002EB0	iwram	0x40	gMPlayInfo_Player4
0x03007FF0	iwram	0x0	SOUND_INFO_PTR
0x03007FF8	iwram	0x0	INTR_CHECK
0x03007FFC	iwram	0x0	INTR_VECTOR
0x04000000	io	0x0	REG_BASE
0x04000004	io	0x0	REG_DISPSTAT
0x04000006	io	0x0	REG_VCOUNT
0x04000008	io	0x0	REG_BG0CNT
0x0400000A	io	0x0	REG_BG1CNT
0x0400000C	io	0x0	REG_BG2CNT
0x0400000E	io	0x0	REG_BG3CNT
0x04000010	io	0x0	REG_BG0HOFS
0x04000012	io	0x0	REG_BG0VOFS
0x04000014	io	0x0	REG_BG1HOFS
0x04000016	io	0x0	REG_BG1VOFS
0x04000018	io	0x0	REG_BG2HOFS
0x0400001A	io	0x0	REG_BG2VOFS
0x0400001C	io	0x0	REG_BG3HOFS
0x0400001E	io	0x0	REG_BG3VOFS
0x04000020	io	0x0	REG_BG2PA
0x04000022	io	0x0	REG_BG2PB
0x04000024	io	0x0	REG_BG2PC
0x04000026	io	0x0	REG_BG2PD
0x04000028	io	0x0	REG_BG2X_L
0x0400002A	io	0x0	REG_BG2X_H
0x0400002C	io	0x0	REG_BG2Y_L
0x0400002E	io	0x0	REG_BG2Y_H
0x04000030	io	0x0	REG_BG3PA
0x04000032	io	0x0	REG_BG3PB
0x04000034	io	0x0	REG_BG3PC
0x04000036	io	0x0	REG_BG3PD
0x04000038	io	0x0	REG_BG3X_L
0x0400003A	io	0x0	REG_BG3X_H
0x0400003C	io	0x0	REG_BG3Y_L
0x0400003E	io	0x0	REG_BG3Y_H
0x04000040	io	0x0	REG_WIN0H
0x04000042	io	0x0	REG_WIN1H
0x04000044	io	0x0	REG_WIN0V
0x04000046	io	0x0	REG_WIN1V
0x04000048	io	0x0	REG_WININ
0x0400004A	io	0x0	REG_WINOUT
0x0400004C	io	0x0	REG_MOSAIC
0x04000050	io	0x0	REG_BLDCNT
0x04000052	io	0x0	REG_BLDALPHA
0x04000054	io	0x0	REG_BLDY
0x04000060	io	0x0	REG_NR10
0x04000062	io	0x0	REG_NR11
0x04000063	io	0x0	REG_NR12
0x04000064	io	0x0	REG_NR13
0x04000065	io	0x0	REG_NR14
0x04000068	io	0x0	REG_NR21
0x04000069	io	0x0	REG_NR22
0x0400006C	io	0x0	REG_NR23
0x0400006D	io	0x0	REG_NR24
0x04000070	io	0x0	REG_NR30
0x04000072	io	0x0	REG_NR31
0x04000073	io	0x0	REG_NR32
0x04000074	io	0x0	REG_NR33
0x04000075	io	0x0	REG_NR34
0x04000078	io	0x0	REG_NR41
0x04000079	io	0x0	REG_NR42
0x0400007C	io	0x0	REG_NR43
0x0400007D	io	0x0	REG_NR44
0x04000080	io	0x0	REG_NR50
0x04000081	io	0x0	REG_NR51
0x04000082	io	0x0	REG_SOUNDCNT_H
0x04000084	io	0x0	REG_NR52
0x04000088	io	0x0	REG_SOUNDBIAS
0x04000090	io	0x0	REG_WAVE_RAM
0x04000092	io	0x0	REG_WAVE_RAM0_H
0x04000094	io	0x0	REG_WAVE_RAM1
0x04000096	io	0x0	REG_WAVE_RAM1_H
0x04000098	io	0x0	REG_WAVE_RAM2
0x0400009A	io	0x0	REG_WAVE_RAM2_H
0x0400009C	io	0x0	REG_WAVE_RAM3
0x0400009E	io	0x0	REG_WAVE_RAM3_H
0x040000A0	io	0x0	REG_FIFO
0x040000A2	io	0x0	REG_FIFO_A_H
0x040000A4	io	0x0	REG_FIFO_B
0x040000A6	io	0x0	REG_FIFO_B_H
0x040000B0	io	0x0	REG_DMA0
0x040000B2	io	0x0	REG_DMA0SAD_H
0x040000B4	io	0x0	REG_DMA0DAD
0x040000B6	io	0x0	REG_DMA0DAD_H
0x040000B8	io	0x0	REG_DMA0CNT
0x040000BA	io	0x0	REG_DMA0CNT_H
0x040000BC	io	0x0	REG_DMA1
0x040000BE	io	0x0	REG_DMA1SAD_H
0x040000C0	io	0x0	REG_DMA1DAD
0x040000C2	io	0x0	REG_DMA1DAD_H
0x040000C4	io	0x0	REG_DMA1CNT
0x040000C6	io	0x0	REG_DMA1CNT_H
0x040000C8	io	0x0	REG_DMA2
0x040000CA	io	0x0	REG_DMA2SAD_H
0x040000CC	io	0x0	REG_DMA2DAD
0x040000CE	io	0x0	REG_DMA2DAD_H
0x040000D0	io	0x0	REG_DMA2CNT
0x040000D2	io	0x0	REG_DMA2CNT_H
0x040000D4	io	0x0	REG_DMA3
0x040000D6	io	0x0	REG_DMA3SAD_H
0x040000D8	io	0x0	REG_DMA3DAD
0x040000DA	io	0x0	REG_DMA3DAD_H
0x040000DC	io	0x0	REG_DMA3CNT
0x040000DE	io	0x0	REG_DMA3CNT_H
0x04000100	io	0x0	REG_TM0CNT
0x04000102	io	0x0	REG_TM0CNT_H
0x04000104	io	0x0	REG_TM1CNT
0x04000106	io	0x0	REG_TM1CNT_H
0x04000108	io	0x0	REG_TM2CNT
0x0400010A	io	0x0	REG_TM2CNT_H
0x0400010C	io	0x0	REG_TM3CNT
0x0400010E	io	0x0	REG_TM3CNT_H
0x04000120	io	0x0	REG_SIODATA32
0x04000122	io	0x0	REG_SIOMULTI1
0x04000124	io	0x0	REG_SIOMULTI2
0x04000126	io	0x0	REG_SIOMULTI3
0x04000128	io	0x0	REG_SIOCNT
0x0400012A	io	0x0	REG_SIODATA8
0x04000130	io	0x0	REG_KEYINPUT
0x04000132	io	0x0	REG_KEYCNT
0x04000134	io	0x0	REG_RCNT
0x04000140	io	0x0	REG_JOYCNT
0x04000150	io	0x0	REG_JOY_RECV
0x04000152	io	0x0	REG_JOY_RECV_H
0x04000154	io	0x0	REG_JOY_TRANS
0x04000156	io	0x0	REG_JOY_TRANS_H
0x04000158	io	0x0	REG_JOYSTAT
0x04000200	io	0x0	REG_IE
0x04000202	io	0x0	REG_IF
0x04000204	io	0x0	REG_WAITCNT
0x04000208	io	0x0	REG_IME
0x05000000	palette	0x0	BG_PLTT
0x05000200	palette	0x0	OBJ_PLTT
0x06000000	vram	0x0	BG_VRAM
0x06010000	vram	0x0	OBJ_VRAM0
0x06014000	vram	0x0	OBJ_VRAM1
0x07000000	oam	0x0	OAM
0x080C1A90	rom	0x90	gDirectionTable
0x080C2BE8	rom	0x2EE0	gTownMapInfoTable
0x080C7DE8	rom	0x200	gGBPlayerLogoPalette
0x080C7FE8	rom	0x4000	gGBPlayerLogoGfx
0x080CBFE8	rom	0x500	gGBPlayerLogoLayout
0x080CC4E8	rom	0x1440	gLevelStatTable
0x080CD928	rom	0x1900	gLevelUpExpTable
0x080CF728	rom	0xB00	gPlayerSkillData
0x080D0228	rom	0xB00	gGuestSkillData
0x080D0D28	rom	0x9000	gMonsterData
0x080D9D28	rom	0x79E0	gMonsterSkillData
0x080E1708	rom	0x200	gStatusData
0x080E1908	rom	0x3800	gPsiData
0x080E5108	rom	0x6C00	gGoodsInfo
0x080EBD08	rom	0x870	gShopInfo
0x080EC578	rom	0x3B8	gRhythmData
0x0811997C	rom	0x90	gMPlayJumpTableTemplate
0x08119A0C	rom	0xB4	gScaleTable
0x08119AC0	rom	0x30	gFreqTable
0x08119AF0	rom	0x18	gPcmSamplesPerVBlankTable
0x08119B08	rom	0x84	gCgbScaleTable
0x08119B8C	rom	0x18	gCgbFreqTable
0x08119BA4	rom	0x3C	gNoiseTable
0x08119BE0	rom	0x10	gCgb3Vol
0x08119BF0	rom	0x31	gClockTable
0x08119C24	rom	0x30	gXcmdTable
0x08CDB2C0	rom	0x10	blanks.12
0x08CDB2D0	rom	0x10	zeroes.13
0x08CDB350	rom	0x30	lconv
0x08CDB38C	rom	0xC	p05.27
0x08CDB398	rom	0xC8	__mprec_tens
0x08CDB460	rom	0x28	__mprec_bigtens
0x08CDB488	rom	0x28	__mprec_tinytens
0x08D2E0EE	rom	0x10	gSectorToDirection
0x08D2E0FE	rom	0x16	gSectorToDirectionExt
0x09F447C0	rom	0x2EC	impure_data
0x09F44AAC	rom	0x4	_impure_ptr
0x09F44AB0	rom	0x408	__malloc_av_
0x09F44EB8	rom	0x4	__malloc_trim_threshold
0x09F44EBC	rom	0x4	__malloc_top_pad
0x09F44EC0	rom	0x4	__malloc_sbrk_base
0x09F44EC4	rom	0x4	__malloc_max_sbrked_mem
0x09F44EC8	rom	0x4	__malloc_max_total_mem
0x09F44ECC	rom	0x28	__malloc_current_mallinfo
0x09F44EF4	rom	0x4	__mb_cur_max
0x09F44EF8	rom	0x8	lc_ctype.3
0x09F44F00	rom	0x8	last_lc_ctype.4
0x09F44F08	rom	0x10	_vt.11ResPtrSized
0x09F44F18	rom	0x10	_vt.6ResPtr
0x09F44F28	rom	0x10	_vt.15SystemAllocator
0x09F44F38	rom	0xA0	_vt.6System
0x09F44FD8	rom	0x18	_vt.13SystemManager
0x09F44FF0	rom	0x68	_vt.5Event
0x09F45318	rom	0x10	_vt.18ShowDownAsLoseRTTI
0x09F45398	rom	0x10	_vt.20ShowDownAsEscapeRTTI
0x09F45418	rom	0x10	_vt.17ShowDownAsWinRTTI
0x09F45430	rom	0x68	_vt.11UnitTurnEnd
0x09F454B0	rom	0x68	_vt.13UnitTurnBegin
0x09F4B9D8	rom	0x78	_vt.5Guest.10UnitObject
0x09F4BA50	rom	0x2E8	_vt.5Guest
0x09F4D600	rom	0x2A0	_vt.12GuestSkill24
0x09F4D8A0	rom	0x2A0	_vt.10AlecAttack
0x09F4DB40	rom	0x2A0	_vt.15AlecShakeWakeUp
0x09F4DDE0	rom	0x2A0	_vt.16FassadPunishizer
0x09F4E080	rom	0x2A0	_vt.17DefaultGuestSkill
0x09F61380	rom	0x78	_vt.7Clayman.10UnitObject
0x09F613F8	rom	0x458	_vt.7Clayman
0x09F61850	rom	0x78	_vt.9MrPassion.10UnitObject
0x09F618C8	rom	0x450	_vt.9MrPassion
0x09F61D18	rom	0x78	_vt.4Tree.10UnitObject
0x09F61D90	rom	0x438	_vt.4Tree
0x09F621C8	rom	0x78	_vt.12BaldingEagle.10UnitObject
0x09F62240	rom	0x438	_vt.12BaldingEagle
0x09F62B28	rom	0x78	_vt.9PotatoBug.10UnitObject
0x09F62BA0	rom	0x438	_vt.9PotatoBug
0x09F62FD8	rom	0x78	_vt.12SootDumpling.10UnitObject
0x09F63050	rom	0x438	_vt.12SootDumpling
0x09F63938	rom	0x80	_vt.10MechaDrago.10UnitObject
0x09F639B0	rom	0x3D0	_vt.10MechaDrago
0x09F63DF0	rom	0x80	_vt.20ReconstructedCaribou.10UnitObject
0x09F63E68	rom	0x3D0	_vt.20ReconstructedCaribou
0x09F642A0	rom	0x80	_vt.14DefaultMonster.10UnitObject
0x09F64318	rom	0x3D0	_vt.14DefaultMonster
0x09F79A58	rom	0x2E0	_vt.5Goods
0x09F79D38	rom	0x2F8	_vt.11TriviaCard4
0x09F7A018	rom	0x2F8	_vt.11TriviaCard3
0x09F7A2F8	rom	0x2F8	_vt.11TriviaCard2
0x09F7A5D8	rom	0x2F8	_vt.11TriviaCard1
0x09F7A8B8	rom	0x2F8	_vt.9DragoFang
0x09F7AB98	rom	0x2F8	_vt.14ShieldSnatcher
0x09F7AE78	rom	0x2F8	_vt.16CupOfLifenoodles
0x09F7B158	rom	0x2F8	_vt.10SecretHerb
0x09F7B438	rom	0x2F8	_vt.8PaperFan
0x09F7B718	rom	0x2F8	_vt.11MadeYouLook
0x09F7B9F8	rom	0x2F8	_vt.15AttackAttractor
0x09F7BCD8	rom	0x2F8	_vt.15EnemyWimperizer
0x09F7BFB8	rom	0x2F8	_vt.15EnemyBufferizer
0x09F7C298	rom	0x2F8	_vt.9LottoMeal
0x09F7C578	rom	0x2F8	_vt.9DoggyFood
0x09F7C858	rom	0x2F8	_vt.14PeculiarCheese
0x09F7CB38	rom	0x2F8	_vt.8BugSpray
0x09F7CE18	rom	0x2F8	_vt.13AncientBanana
0x09F7D0F8	rom	0x2F8	_vt.11HoneyShower
0x09F7D3D8	rom	0x2F8	_vt.12SaltwaterGun
0x09F7D6B8	rom	0x300	_vt.15NewYearsEveBomb
0x09F7D9A0	rom	0x2F8	_vt.12DefaultGoods
0x09F7EA80	rom	0x10	_vt.9SARHandle
0x09F7EAA8	rom	0x68	_vt.4Base
0x09F7EB10	rom	0x10	_vt.12FitAllocator
0x09F7EB20	rom	0x68	_vt.3Irc
0x09F7EB88	rom	0x18	_vt.10IrcManager
0x09F7EBA0	rom	0x68	_vt.5Clock
0x09F7EF20	rom	0x10	_vt.Q211BattleFader1A
0x09F7F030	rom	0x68	_vt.9ObjEngine
0x09F7F130	rom	0x68	_vt.10ObjPltPool
0x09F7F1B0	rom	0x70	_vt.18SelectKeyLongPress
0x09F7F218	rom	0x20	_vt.22SelectKeyLongPressRTTI
0x09F7F230	rom	0x70	_vt.14SelectKeyPress
0x09F7F298	rom	0x20	_vt.18SelectKeyPressRTTI
0x09F7F2B0	rom	0x70	_vt.17StartKeyLongPress
0x09F7F318	rom	0x20	_vt.21StartKeyLongPressRTTI
0x09F7F330	rom	0x70	_vt.13StartKeyPress
0x09F7F398	rom	0x20	_vt.17StartKeyPressRTTI
0x09F7F3B0	rom	0x70	_vt.13RKeyLongPress
0x09F7F418	rom	0x20	_vt.17RKeyLongPressRTTI
0x09F7F430	rom	0x70	_vt.9RKeyPress
0x09F7F498	rom	0x20	_vt.13RKeyPressRTTI
0x09F7F4B0	rom	0x70	_vt.13LKeyLongPress
0x09F7F518	rom	0x20	_vt.17LKeyLongPressRTTI
0x09F7F530	rom	0x70	_vt.9LKeyPress
0x09F7F598	rom	0x20	_vt.13LKeyPressRTTI
0x09F7F5B0	rom	0x70	_vt.13BKeyLongPress
0x09F7F618	rom	0x20	_vt.17BKeyLongPressRTTI
0x09F7F630	rom	0x70	_vt.9BKeyPress
0x09F7F698	rom	0x20	_vt.13BKeyPressRTTI
0x09F7F6B0	rom	0x70	_vt.13AKeyLongPress
0x09F7F718	rom	0x20	_vt.17AKeyLongPressRTTI
0x09F7F730	rom	0x70	_vt.9AKeyPress
0x09F7F798	rom	0x20	_vt.13AKeyPressRTTI
0x09F7F7B0	rom	0x70	_vt.17RightKeyLongPress
0x09F7F818	rom	0x20	_vt.21RightKeyLongPressRTTI
0x09F7F830	rom	0x70	_vt.13RightKeyPress
0x09F7F898	rom	0x20	_vt.17RightKeyPressRTTI
0x09F7F8B0	rom	0x70	_vt.16LeftKeyLongPress
0x09F7F918	rom	0x20	_vt.20LeftKeyLongPressRTTI
0x09F7F930	rom	0x70	_vt.12LeftKeyPress
0x09F7F998	rom	0x20	_vt.16LeftKeyPressRTTI
0x09F7F9B0	rom	0x70	_vt.16DownKeyLongPress
0x09F7FA18	rom	0x20	_vt.20DownKeyLongPressRTTI
0x09F7FA30	rom	0x70	_vt.12DownKeyPress
0x09F7FA98	rom	0x20	_vt.16DownKeyPressRTTI
0x09F7FAB0	rom	0x70	_vt.14UpKeyLongPress
0x09F7FB18	rom	0x20	_vt.18UpKeyLongPressRTTI
0x09F7FB30	rom	0x70	_vt.10UpKeyPress
0x09F7FB98	rom	0x20	_vt.14UpKeyPressRTTI
0x09F7FBB0	rom	0x68	_vt.6KeyPad
0x09F7FC18	rom	0x18	_vt.13KeyPadManager
0x09F7FC30	rom	0x10	_vt.9CCLHandle
0x09F7FC40	rom	0x10	_vt.9CCGHandle
0x09F7FC50	rom	0xC8	_vt.11Unk0806D64C
0x09F80508	rom	0x98	_vt.9EfcSystem
0x09F805D0	rom	0x98	_vt.9SndSystem
0x09F80680	rom	0xF0	_vt.5Sound
0x09F807F0	rom	0x148	_vt.5Combo
0x09F80960	rom	0x148	_vt.9ComboRoot
0x09F810F8	rom	0x68	_vt.10KeyFocuser
0x09F81160	rom	0x78	_vt.15KeyFocusManager
0x09F811F8	rom	0x68	_vt.9RhythmOut
0x09F81278	rom	0x68	_vt.8RhythmIn
0x09F812F8	rom	0x108	_vt.9RhythmBgm
0x09F81750	rom	0x68	_vt.7UnitDie
0x09F817D0	rom	0x68	_vt.10UnitEscape
0x09F81850	rom	0x68	_vt.10UnitRevive
0x09F818D0	rom	0x68	_vt.8UnitJoin
0x09F81950	rom	0x68	_vt.6Resume
0x09F819D0	rom	0x68	_vt.7Suspend
0x09F81AC8	rom	0x128	_vt.10UnitTarget
0x09F81BF0	rom	0x128	_vt.16UnitTargetChoice
0x09F81DD0	rom	0x2A0	_vt.6Action
0x09F82A28	rom	0x2B8	_vt.11PlayerSkill
0x09F82CE0	rom	0x2A0	_vt.10GuestSkill
0x09F82F98	rom	0x78	_vt.7Monster.10UnitObject
0x09F83010	rom	0x3C8	_vt.7Monster
0x09F83548	rom	0x2C8	_vt.12MonsterSkill
0x09F83810	rom	0x148	_vt.6Status
0x09F83958	rom	0x2D0	_vt.3Psi
0x09F85018	rom	0x10	_vt.8BGHandle
0x09F85028	rom	0x10	_vt.11Unk08088018
0x09F85078	rom	0x10	_vt.9BXTHandle
0x09F85088	rom	0x10	_vt.15Struct_09F85088
0x09F85098	rom	0x10	_vt.1V
